{"chunk_definitions":[{"row":8,"row_count":1,"visible":true,"expansion_state":0,"options":{"engine":"r","label":"setup","include":false},"document_id":"24728676","chunk_id":"csetup_chunk","chunk_label":"setup"},{"row":45,"row_count":1,"visible":true,"expansion_state":0,"options":{"engine":"r","label":"pressure"},"document_id":"24728676","chunk_id":"cb6ddww7sb7cr","chunk_label":"pressure"}],"doc_write_time":1669664783,"working_dir":null,"default_chunk_options":{"echo":true},"chunk_rendered_width":700}