"0",""
"0","#Prior distribution is Gamma"
"0","#Sample data taken from prior is in red color"
"0","#Prior distribution is Gamma"
"0","#Sample data taken from prior is in red color"
"0",""
"0","set.seed(10)"
"0","#x_dgamma <- seq(0,40 , by = 1)  "
"0","x_dgamma <-seq(0,3,length=200)"
"0","a<-68"
"0","b<-42"
"0","sample_plot_2<-c(1.25,1.25,1.25,1.25,1.25,1.25,1.25,1.25,1.25,1.25,1.25)"
"0",""
"0","y_dgamma <- dgamma(x_dgamma,68,42)    "
"0","prior_mean = a/b"
"0","true_parameter_from_tail = 1.6"
"0",""
"0","sample_size = 5"
"0",""
"0","plot(x_dgamma,y_dgamma,xlab=""Data X"","
"0","      ylab=""Data Y"",type='l',main = ""Fig 5 (b)"")"
