{"working_dir":null,"default_chunk_options":{"echo":true},"chunk_definitions":[{"row":9,"row_count":1,"visible":true,"expansion_state":0,"options":{"engine":"r","label":"setup","include":false},"document_id":"C107318A","chunk_id":"csetup_chunk","chunk_label":"setup"},{"row":330,"row_count":1,"visible":true,"expansion_state":0,"options":{"engine":"r","label":"unnamed-chunk-1"},"document_id":"C107318A","chunk_id":"cuj9a965dwgtj","chunk_label":"unnamed-chunk-6"},{"row":412,"row_count":1,"visible":true,"expansion_state":0,"options":{"engine":"r","label":"unnamed-chunk-2"},"document_id":"C107318A","chunk_id":"cakw6t0n1k8wz","chunk_label":"unnamed-chunk-7"},{"row":491,"row_count":1,"visible":true,"expansion_state":0,"options":{},"document_id":"C107318A","chunk_id":"c7smrn35mculq","chunk_label":"unnamed-chunk-8"},{"row":757,"row_count":1,"visible":true,"expansion_state":0,"options":{"engine":"r","label":"unnamed-chunk-6"},"document_id":"C107318A","chunk_id":"cz74jkhebmxwa","chunk_label":""}],"doc_write_time":1667596429,"chunk_rendered_width":700}