"0","#Gibbs sampling example"
"0","y<-glucose_data <- scan(""http://www2.stat.duke.edu/~pdh10/FCBS/Exercises/glucose.dat"")"
"2","Read 532 items
"
"0","mu0<-20"
"0","t20<-200"
"0","s20<-1000"
"0","nu0<-10"
"0","mean.y<-mean(y) ; var.y<-var(y) ; n<-length( y )"
"0",""
"0","S<-10000"
"0","PHI<-matrix(nrow=S ,ncol=2)"
"0","PHI_2<-matrix(nrow=S, ncol=2)"
"0","PHI[1 ,]<-phi<-c(mean.y, 1/var.y)"
"0","PHI_2[1 ,]<-phi_2<-c(mean.y, 1/var.y)"
"0",""
"0","set.seed( 1 )"
"0","for(s in 2 : S) {"
"0","mun<- ( mu0/ t20+ n*mean.y*phi[2]) / ( 1/ t20 + n*phi[2] )"
"0","t2n<-1/(1/t20 + n*phi[2])"
"0","phi[1]<-rnorm(1,mun,sqrt(t2n))"
"0","phi[1] <- min(phi[1],phi_2[1])"
"0","phi_2[2]<-rnorm(1,mun,sqrt(t2n))"
"0","nun<- nu0+n"
"0","s2n<- ( nu0* s20 + (n-1)*var.y + n*(mean.y-phi[1])^2 ) /nun"
"0","phi [2]<- rgamma ( 1 , nun / 2 , nun*s2n / 2 )"
"0","PHI[s ,]<-phi }"
