{"working_dir":null,"default_chunk_options":{"echo":true},"chunk_definitions":[{"row":8,"row_count":1,"visible":true,"expansion_state":0,"options":{"engine":"r","label":"setup","include":false},"document_id":"EBBF33F6","chunk_id":"csetup_chunk","chunk_label":"setup"},{"row":40,"row_count":1,"visible":true,"expansion_state":0,"options":{"engine":"r","label":"unnamed-chunk-13"},"document_id":"EBBF33F6","chunk_id":"c7ytqph4mq2pz","chunk_label":"unnamed-chunk-1"},{"row":66,"row_count":1,"visible":true,"expansion_state":0,"options":{"engine":"r","label":"unnamed-chunk-14"},"document_id":"EBBF33F6","chunk_id":"csp2ko17qp565","chunk_label":"unnamed-chunk-2"}],"doc_write_time":1667810096,"chunk_rendered_width":700}