"0","data <-read.table(""http://www2.stat.duke.edu/~pdh10/FCBS/Exercises/agehw.dat"",header = TRUE)"
"0","colnames(data)[1]  <- ""ageh""    "
"0","colnames(data)[2]  <- ""agew"" "
"0","set.seed(990000)"
"0","#Means of husband and wife"
"0","meanHusband = mean(data$ageh)"
"0","meanWife = mean(data$agew)"
"0","varianceHusband = var(data$ageh)"
"0","varianceWife = var(data$agew)"
"0","trueCorrelation = cor(data$ageh,data$agew)"
"0","covariance = cov(data$ageh,data$agew)"
"0","#assumedCovariance = covariance + 60 #Adding 20 so that we get a more varied prior."
"0","averageMean = mean(45,45) #considering 50 as average case"
"0",""
"0","assumedCovariance_old = (averageMean/2)^2 #so that mean being 0 has low probability"
"0","#As age of husband and wife is almost similiar we consider the corrlation to be 0.5, hence"
"0","assumedCovariance = assumedCovariance_old/2"
"0","priorMean = c(averageMean,averageMean)"
"0","priorCovariance = matrix(c(assumedCovariance_old, assumedCovariance, assumedCovariance, assumedCovariance_old), nrow= 2, ncol = 2, byrow = TRUE)"
"0","priorCovariance = matrix(c(assumedCovariance_old, assumedCovariance, assumedCovariance, assumedCovariance_old), nrow= 2, ncol = 2, byrow = TRUE)"
"0","y_prior <- mvrnorm(100, priorMean, priorCovariance)"
"0","plot(density(y_prior),col = ""lightblue"",main =""My assumed prior"")"
