"0",""
"0","loopVar = 1000"
"0","part_a_tail_freq <- array(0, dim=c(loopVar))"
"0","part_a_tail_baye <- array(0, dim=c(loopVar))"
"0",""
"0","for(i in 1:loopVar)"
"0","{"
"0","  "
"0","#sample_x = runif(sample_size,true_parameter_from_tail)"
"0","sample_y = rpois(sample_size,runif(1, 0, 1.5))"
"0",""
"0","mean_of_sample = mean(sample_y)"
"0","variance_of_sample = sd(sample_y)"
"0","posterior_a = 68+sum(sample_y)"
"0","posterior_b = 42+length(sample_y)"
"0","# qgamma(c(0.10,0.90),posterior_a,posterior_b)"
"0","size = length(sample_y)"
"0","error <- qnorm(0.90)*variance_of_sample/sqrt(size)"
"0","left_freq = mean_of_sample-error"
"0","right_freq = mean_of_sample+error"
"0","left_baye = qgamma(c(0.10,0.90),posterior_a,posterior_b)[1]"
"0","right_baye = qgamma(c(0.10,0.90),posterior_a,posterior_b)[2]"
"0","if(true_parameter_from_tail >= left_freq & true_parameter_from_tail <= right_freq)"
"0","{ "
"0"," part_a_tail_freq[i]=1"
"0","} else"
"0"," {"
"0","     part_a_tail_freq[i]=0}"
"0","if(true_parameter_from_tail >= left_baye & true_parameter_from_tail <= right_baye)"
"0"," { "
"0","   part_a_tail_baye[i]=1"
"0"," "
"0","   "
"0","} else"
"0"," {"
"0","    part_a_tail_baye[i]=0"
"0"," }"
"0","}"
"0",""
"0",""
"0",""
"0",""
"0","paste(""Percent of time, frequentist interval contained the true mean when data is from tail = "",mean(part_a_tail_freq)*100,""%"")"
"1","[1]"
"1"," ""Percent of time, frequentist interval contained the true mean when data is from tail =  44.3 %"""
"1","
"
"0","paste(""Percent of time, bayesian interval contained the true mean when data is from tail = "",mean(part_a_tail_baye)*100,""%"")"
"1","[1]"
"1"," ""Percent of time, bayesian interval contained the true mean when data is from tail =  25.5 %"""
"1","
"
